comment,score
หนูเกิดอุบัติเหตุรถชนค่ะ ไม่มีประกันรถยนต์ของคู่กรณี มีแค่ พรบ กับประกันสังคมตัวเอง โชคดีที่ได้หมอผ่าตัดฉุกเฉิกรวดเร็ว ไม่ต้องทรมาน อีกครั้วยังพูดจาสุภาพถึงแม้จะใช้ในนามประกันสังคมก็ตาม ส่วนปผนก พรบ ของทางโรงพยาบาลก็ช่วยเหลือเต็มที่ในเรื่องของค่าใช้จ่ายเนื่องจากต้องแอดมินที่ รพ จึงต้องคำนวนค่าใช้จ่ายให้พอควรเผื่อทำเรื่องเบิกเงินสดจา พรบ มาให้เราใช้จ่ายค่าต่างๆ และผู้ช่วยพยาบาลก็ดูแลเข้าออกเป็นเวลา ทำใบนัดหมายเรียบร้อยชัดเจน สะอาด,5
ใช้บริการของ รพ.วิภารามมาตั้งแต่ฝากครรภ์ คลอดแล้วลูกป่วยหรือหมอนัดตรวจโรคประจำตัวก็ ร.พ วิภารามนี้ค่ะ หมอมีความสามารถหลายท่านดูแลดีค่ะและมีหมอเฉพาะทางเยอะค่ะ ห้องพักฟื้นห้องคลอดดีมากค่ะโดยเฉพาะห้องดูแลเด็กแรกเกิดชอบมากพี่ๆเนิสเซอรี่ใจดีค่ะดูแลทั้งคุณแม่และคุณลูกเต็มประสิทธิภาพมากค่ะแนะนำให้มาลองใช้บริการที่ ร.พ วิภารามดูนะคะ,5
บริการดีมากก คุณหมอก็ใจดีด้วย พยาบาลน่ารัก ทีาจอดรถสะดวก เครื่องมือทางการแพทย์ทันสมัยห้องน้ำสะอาด ทางเดินโรงพยาบาลสะอาด อาหารที่โรงพยาบาลก็ไม่แพง ประทับใจค่ะโรงพยาบาลนี้ ดีค่ะดี แถมสามารถเดินทางได้ง่ายและสะดวกค่ะ คุณหมอดูมีความเชี่ยวชาญเฉพาะทางดีค่ะ พยาบาลก็น่ารักพูดจาดี บุคลากรทางดารแพทย์คนอื่นก็น่ารัก ฉีดยาไม่เจ็บเลยค่ะ ชอลมากค่ะ,5
บริการดีมากค่ะใส่ใจดูเเลคนไข้ดี พยาบาล พูดจาดีคุณหมอก็ซักถามอาการละเอียดมากทำให้รับรู้ได้ถึงความใส่ใจคนไข้ของคุณหมอ อยากบางคนมาจากที่ไกลๆคุณก็ซักถามและให้กำลังใจคนไข้เป็นอย่างดี ทำให้คนไข้มีกำลังใจขึ้นและไม่รู้สึกว่าการมาโรงพยาบาลคือ ความน่าเบื่ มันทำให้ คนไข้แบบเล้า อยากมาโรงพยาบาลที่มันมีความใส่ใจแบบนี้แล้วก็อยากขอบคุณ ทีมแพทย์พยาบาลที่ดูแลเป็นอย่างดีในตลาดการรักษาครั้งนี้ค่ะ,5
ประทับใจมากๆค่ะ คุณหมอบริการดี พยาบาลน่ารัก ทีาจอดรถสะดวก เครื่องมือทางการแพทย์ทันสมัยห้องน้ำสะอาด ทางเดินโรงพยาบาลสะอาด อาหารที่โรงพยาบาลก็ไม่แพง ประทับใจค่ะโรงพยาบาลนี้ ดีค่ะดี แถมสามารถเดินทางได้ง่ายและสะดวกค่ะ คุณหมอดูมีความเชี่ยวชาญเฉพาะทางดีค่ะ พยาบาลก็น่ารักพูดจาดี บุคลากรทางดารแพทย์คนอื่นก็น่ารัก ฉีดยาไม่เจ็บเลยค่ะ ชอลมากค่ะ,4
"ไปตรวจหูหมอใจดี ตรวจละเอียดมากมาก ฉันเดินทางเครื่องบินดวยสาร จากต่างจังหวัด มากรุงเทพ เกิดอาการหูอื้อ ลักษณะ มีเสียงก้องๆ ไม่ค่อยได้ยิน เวลาพูดเหมือนเสียงเราอ่อยๆ 
คุณหมอ เลยให้ใช้ผ้าอุ่นประคบที่ท้ายทอย  เพื่อผ่อนคลาย และให้มีการนวดที่ขมับ เบาๆ ให้ยา แก้แพ้เพื่อการนอนหลับที่ดีขึ้น และนำให้  เคี้ยวหมากฝรั่ง เพื่อช่วยลดหูอื้อ เวลานั่งเครื่องบิน เนื่องจาก เมื่อเราเคี้ยว จะมีการขยับของกล้ามเนื้อหู ทำให้ลดการ อื้อของหูได้

 ขอบพระคุณมาก",5
"หมอเก่งมาครับ ให้ยาดีๆ คอหอยส่วนจมูกอักเสบเฉียบพลัน หรือโรคเยื่อจมูกและลำคออักเสบเฉียบพลัน (อังกฤษ: Acute nasopharyngitis) เรียกโดยทั่วไปว่า โรคหวัด หรือ ไข้หวัด (อังกฤษ: Common cold) เป็นโรคติดเชื้อไวรัสในทางเดินหายใจส่วนบนที่กระทบต่อจมูกเป็นหลัก อาการของโรคมีทั้งไอ เจ็บคอ น้ำมูกไหล และไข้ซึ่งมักหายไปเองในเจ็ดถึงสิบวัน แต่บางอาการอาจอยู่ได้นานถึงสามสัปดาห์ ไวรัสกว่า 200 ชนิดเป็นสาเหตุของโรคหวัด โดยไรโนไวรัสเป็นชนิดที่พบบ่อยที่สุด

การติดเชื้อทางเดินหายใจส่วนบนจำแนกได้หลวม ๆ ตามบริเวณที่ได้รับผลจากไวรัส โดยโรคหวัดกระทบต่อจมูก คอหอย (คอหอยอักเสบ) และโพรงจมูก (โพรงจมูกอักเสบ) เป็นหลัก ส่วนใหญ่อาการเกิดจากภูมิคุ้มกันของร่างกายตอบสนองต่อการติดเชื้อมากกว่าการทำลายเนื้อเยื่อจากไวรัสเอง การล้างมือเป็นวิธีการป้องกันหลัก และหลักฐานบางชิ้นสนับสนุนประสิทธิภาพของการสวมหน้ากากอนามัย

โรคหวัดไม่มีวิธีรักษาจำเพาะ แต่สามารถรักษาอาการได้ โรคหวัดเป็นหนึ่งในโรคติดต่อที่พบบ่อยที่สุดในมนุษย์ และอยู่คู่กับมนุษยชาติมาแต่โบราณ ผู้ใหญ่ติดโรคหวัดโดยเฉลี่ยสองถึงสามครั้งต่อปี ขณะที่เด็กโดยเฉลี่ยติดโรคหวัดระหว่างหกถึงสิบสองครั้งต่อปี",4
โรงพยาบาลมีความสวยงาม ทางเดินตามตึกต่างๆมีสภาพดี แถมยังให้บริการดีมากๆเลยค่ะ บุคคลากร เจ้าหน้าที่ต่างๆให้ความสนใจแก่คนไข้ดีมาก ยอดเยี่ยมสุดๆไปเลยค่ะ นับว่าเป็นโรงพยาบาลที่ดีที่หนึ่งของเมืองไทยเลย แม้ว่าคนไข้จะเยอะมากขนาดไหน แต่ทุกคนยังปฏิบัติหน้าที่ได้อย่างมืออาชีพ แถมคุณหมอก็เก่งมากเหมือนกัน เป็นโรงพยาบาลที่มีคุณภาพที่ดีเยี่ยมจริงๆค่ะ,5
โรงพยาบาลสะอาด มีน้ำยาค่าเชื้อโรคอยู่ตามจุดต่างๆให้คนที่มาเยี่ยมผู้ป่วยได้ใช้อยู่มาก รักษาดี บริการดี พูดจาดี ห้องน้ำต่างๆการทำงานต่างๆดีมาก มีตำหนิอยู่บ้างแต่น้อยมาก คุณหมอก็พูดจาดี เช็คอาการคนไข้ระเอียด ถามอาการดีทุกอย่าง พยาบาลก็ดูแลดี ไม่วีนไม่เหวี่ยง แถมยังชวนคุยไม่ให้เรามีอาการกังวลใดๆก่อนที่จะได้รับการเข้ารักษาด้วย,5
"คือเราไม่ได้เป็นผู้ป่วยเองหรอกค่ะ
แต่มีโอกาสได้ไปสัมผัส บรรยากาสที่นั่นมา
คือได้ พาคุณยายไปผ่าตัดใส้ติ่งค่ะ
เจ้าหน้าที่ดูแลเอาใจใส่ดีมากเลยค่ะ
ปฏิบัติหน้าที่ อย่างคล่องแคล่ว 
ประทับใจคุณพยาบาลคนสวย มากเลยค่ะ
แอบพูดปลอบใจคุณยายเราด้วยน้ำเสียงนุ่มนวน อ่อนน้อม เบาๆ(น่ารักที่สุด)
""ไม่ต้องกลัวนะคะคุณยาย"" 
ญาติเข้าไปด้วยไม่ได้ หนูอยู่เป็นเพื่อนคุณยายเองนะคะ ได้ยินประมาณนี้แหละค่ะ
เสียดายไม่รู้ชื่อเสียงเรียงนาม",5
บริการของหมอและพยาบาลดีมาก ตอนนอนพักฟื้นก็มีพยาบาลเข้ามาเช็คมาดูแลตลอดหมอก็เข้ามาเป็นพักๆ อาหารที่รพ.ไม่ค่อยอร่อยแต่ในโรงพยาบาลมีร้านอาหารกับเซเว่น มียามมีแม่บ้านค่อยดูแลตลอดคนที่เอารถมาก็จะมีรถกอล์ฟไปรับถึงที่อยู่ สถานที่ห้องพักสะอาดดีแอร์ค่อนข้างเย็น จากที่สังเกตคนไข้คนอื่นเวลาจะเดินไปแผนกไหนจะมีพยาบาลเดินพาไปตลอดแต่ด้วยความเป็นโรงบาลเอกชนราคาก็สูงตามแต่โดยรวมก็ดีหมดเลย,4
"บริการดีมากกกค่ะ เข้าใจผู้ป่วยได้ดี วินิจฉัยดีมากก มีการตอบอย่างรวดเร็ว แนะนำดีมากกค่ะ
เข้ามาหาหมอโดยตรงหรือตามคำแนะนำที่หมอได้บอกมาดีกว่าค่ะ โรคหรืออาการที่เป็นอยู่จะได้ไม่ลุกลามค่ะ จะได้มีอาการดีขึ้น หรือถ้าคิดว่าตัวเองไม่น่าจะเป็นอะไรมากก็ซื้อยารับประทานตามที่หมอแนะนำมาก็ได้ค่ะ จะได้ไม่ต้องเสียค่าใช้จ่ายเยอะค่ะ",5
บริการของหมอและพยาบาลดีมาก ตอนนอนพักฟื้นก็มีพยาบาลเข้ามาเช็คมาดูแลตลอดหมอก็เข้ามาเป็นพักๆ อาหารที่รพ.ไม่ค่อยอร่อยแต่ในโรงพยาบาลมีร้านอาหารกับเซเว่น มียามมีแม่บ้านค่อยดูแลตลอดคนที่เอารถมาก็จะมีรถกอล์ฟไปรับถึงที่อยู่ สถานที่ห้องพักสะอาดดีแอร์ค่อนข้างเย็น จากที่สังเกตคนไข้คนอื่นเวลาจะเดินไปแผนกไหนจะมีพยาบาลเดินพาไปตลอดแต่ด้วยความเป็นโรงบาลเอกชนราคาก็สูงตามแต่โดยรวมก็ดีหมดเลย,5
"ดีครับเข้าใจผู้ป่วยยได้ดีเเละมีการตอบอย่างรวดเร็ว ควรเจ้ามาปรึกษาหมอดีกว่าที่โรคจะลุกลามครับ ดีครับเข้าใจผู้ป่วยยได้ดีเเละมีการตอบอย่างรวดเร็ว ควรเจ้ามาปรึกษาหมอดีกว่าที่โรคจะลุกลามครับ ดีครับเข้าใจผู้ป่วยยได้ดีเเละมีการตอบอย่างรวดเร็ว ควรเจ้ามาปรึกษาหมอดีกว่าที่โรคจะลุกลามครับ ดีครับเข้าใจผู้ป่วยยได้ดีเเละมีการตอบอย่างรวดเร็ว ควรเจ้ามาปรึกษาหมอดีกว่าที่โรคจะลุกลามครับ

0 Comment",5
โรงพยาบาลนี้เป็นโรงพยาบาลที่ให้บริการดีมากครับ การเดินทางสะดวกแม้ไม่มีรถส่วนตัวก็สามารถมาใช้บริการได้ บรรยากาศดี คุณหมอและคุณพยาบาลให้แนะนำดีมากเลยครับ สำหรับค่ารักษาพยาบาลค่อนข้างเหมาะสมกับบริการที่ได้รับ ยาที่จ่ายให้ก็เป็นยาดีมีคุณภาพหากเจ็บป่วยที่นี่เป็นที่แรกที่จะเลือกใช้บริการครับ รับรองว่าไม่ผิดหวังแน่นอน,5
"คุณหมอแนะนำดีทำการรักษาก้อดีครับ
เป็นโรงพยาบาลที่ให้คำแนะนำดีครับ
เป็นโรงพยาบาลที่ให้คำแนะนำดีครับ
เป็นโรงพยาบาลที่ให้คำแนะนำดีครับ
เป็นโรงพยาบาลที่ให้คำแนะนำดีครับ
เป็นโรงพยาบาลที่ให้คำแนะนำดีครับ
เป็นโรงพยาบาลที่ให้คำแนะนำดีครับ
เป็นโรงพยาบาลที่ให้คำแนะนำดีครับ
ป็นโรงพยาบาลที่ให้คำแนะนำดีครับ
เป็นโรงพยาบาลที่ให้คำแนะนำดีครับ
เป็นโรงพยาบาลที่ให้คำแนะนำดีครับ
เป็นโรงพยาบาลที่ให้คำแนะนำดีครับ
เป็นโรงพยาบาลที่ให้คำแนะนำดีครับ
เป็นโรงพยาบาลที่ให้คำแนะนำดีครับ
เป็นโรงพยาบาลที่ให้คำแนะนำดีครับ
ป็นโรงพยาบาลที่ให้คำแนะนำดีครับ
เป็นโรงพยาบาลที่ให้คำแนะนำดีครับ
เป็นโรงพยาบาลที่ให้คำแนะนำดีครับ
เป็นโรงพยาบาลที่ให้คำแนะนำดีครับ
เป็นโรงพยาบาลที่ให้คำแนะนำดีครับ
เป็นโรงพยาบาลที่ให้คำแนะนำดีครับ
เป็นโรงพยาบาลที่ให้คำแนะนำดีครับ
ป็นโรงพยาบาลที่ให้คำแนะนำดีครับ
เป็นโรงพยาบาลที่ให้คำแนะนำดีครับ
เป็นโรงพยาบาลที่ให้คำแนะนำดีครับ
เป็นโรงพยาบาลที่ให้คำแนะนำดีครับ
เป็นโรงพยาบาลที่ให้คำแนะนำดีครับ
เป็นโรงพยาบาลที่ให้คำแนะนำดีครับ
เป็นโรงพยาบาลที่ให้คำแนะนำดีครับ
ป็นโรงพยาบาลที่ให้คำแนะนำดีครับ
เป็นโรงพยาบาลที่ให้คำแนะนำดีครับ
เป็นโรงพยาบาลที่ให้คำแนะนำดีครับ
เป็นโรงพยาบาลที่ให้คำแนะนำดีครับ
เป็นโรงพยาบาลที่ให้คำแนะนำดีครับ
เป็นโรงพยาบาลที่ให้คำแนะนำดีครับ
เป็นโรงพยาบาลที่ให้คำแนะนำดีครับ",5
ตอนนั้นมีอาการปวดท้องน้อยเป็นอย่างมากค่ะซึ่งไม่ทราบว่าสาเหตุเกิดจากอะไรสามีไปส่งที่โรงพยาบาลพยาบาลดูเเลดีมากค่ะจากนั้นก็ไปพบหมอหมอก็ตรวจอย่างระเอียดสรุปเเล้วเป็นโรคลำไส้อักเสบค่ะขอบคุณคุณหมอกับพยาบาลที่ดูเเลคนไข้ดีขนาดนี้ค่ะถ้าไม่ได้คุณหมอก็ไม่รู้ว่าวันนั้รจะเป็นยังไงบ้างจะปวดท้องเเค่ไหนขอบคุณคุณหมอกับพยาบาลจริงๆค่ะปกติคนในบ้านเวลาเป๋นอะไรก็จะมาที่โรงพยาบาลนี้เสมอค่ะเพราะว่ามากันตั้งเเต่รุ่นโตๆกันหมดเเล้วจนรุ่นลูกก็จะมาที่โรงพยาบาลนี้ค่ะนอดจากจะรักษาดีเเล้วยังบริการดีด้วยค่ะขอบคุณมากจริงๆค่ะ,4
สะดวกใกล้ที่ทำงานแถวอ่อนนุช  แพทย์ พยาบาลบริการดี  ทานยาที่คุณหมอให้มา ประมาณ 2-3 วัน อาการดีขึ้น  หลังจากนั้นไปตามนัดพบคุณหมอ ร่างกายก็เป็นปกติดี  ทุกๆ ปี จะไปตรวจร่างกายที่โรงพยาบาลแห่งนี้เพราะบริษัทมี contract เมื่อพบอาการผิดปกติก็รีบปรึกษาแพทย์ทุกครั้ง  ทานยา ออกกำลังกาย พักผ่อนให้เพีงพอตามที่คุณหมอสั่ง ก็หายเป็นปกติดี โดยรวมถือว่าดีครับ,4
"คุนหมอปรีดาดูแลเกี่ยวกับช่องท้องดีมากคะ   รักษาดี คอยใส่ใจคนไข้ ติดตามดูอาการตลอด ทุกวันนี้ถ้าไม่ได้คุนหมอคนนี้นู๋คงตายไปนานแล้ว
รักษาเกี่ยวกับอุบัติเหตุดีคะ  พยาบาลน่ารักสวย พูดจาก้อเพราะ   ค่ารักษาก้อไม่ค่อยแพง  คนไม่ค่อยเยอะ คุนหมอเลยดูแลทั่วถึง ต้องขอบคุนคุนหมอมากคะ แต่ก่อนอาจจะไม่ค่อยดี เด๋วนี้พี่เขาพัฒนาแล้วค้า",5
"บุคคลากร บริการรวดเร็วและยิ้มแย้มดีครับ
คุณหมอสอบถามอาการโดยละเอียดทุกครั้งที่เข้าพบ มีความใส่ใจในอาการของคนไข้โดยละเอียดและ
คุณหมอตอบคำถามและให้ความรู้ เกี่ยวกับโรคได้เข้าใจดี
พร้อมทั้งให้คำแนะนำ ในการปฏิบัติตัวเพื่อ การรักษาที่มีประสิทธิภาพ และป้องกันไม่ให้แพร่เชื้อให้เพื่อนร่วมงาน

เยี่ยมมากครับ",4
"ดีมาก เจาะนิ่มมาก

หมอมือนิ่มมาก

บคิการดี

คนจะเยอะนิดนึง

แต่โอเค

การพูดจาดี แต่เสียนิดเดียวที่จอดรถ
ตอนเย็นรถตะตืดมาก

ดีมาก เจาะนิ่มมาก

หมอมือนิ่มมาก

บคิการดี

คนจะเยอะนิดนึง

แต่โอเค

การพูดจาดี แต่เสียนิดเดียวที่จอดรถ
ตอนเย็นรถตะตืดมาก
ดีมาก เจาะนิ่มมาก

หมอมือนิ่มมาก

บคิการดี

คนจะเยอะนิดนึง

แต่โอเค

การพูดจาดี แต่เสียนิดเดียวที่จอดรถ
ตอนเย็นรถตะตืดมาก",5
"เป็นโรงพยาบาลที่ควรต้องปรับปรุงการบริการทั้งด้านที่จอดรถ ที่เต็มตลอดทั้งในอาคารและนอกอาคาร ที่จอดในอาคารสำรองไว้ว่างเยอะมาก  ซึ่งก็ไม่ทราบว่าสำรองไว้ให้ใคร รถพยาบาล 3-4 คันควรจอดด้านนอกอาคารเพื่อที่จะได้พร้อมออกให้บริการแต่กลับจอดในตึก รถกอล์ฟตรวจความเรียบร้อยก็จอดในตึก ดูเหมือนว่า ที่จอดรถในอาคารคงจะเป็นที่จอดสำหรับอำนวยความสะดวกของทางโรงพยาบาลแต่ไม่ได้อำนวยความสะดวกให้ลูกค้า ส่วนที่จอดรถนอกอาคารก็เต็มตลอดวัน ซึ่งนับว่าแปลกดี ที่มีแต่รถเข้าไม่มีรถออก ปริมาณรถน่าจะมากกว่าจำนวนคนไข้ที่ขับรถมารักษา หรือที่จอดรถส่วนนี้บริการใคร?
อีกเรื่องที่ควรปรับปรุงคือการบริการของเจ้าหน้าที่ในแต่ละจุด ถ้ามีการอบรมให้รักงานบริการมากกว่านี้ก็จะดีมาก
หมอนัดเจาะเลือดแต่ไม่มีที่จอด บอกรปภ ว่า ขอจอดที่ๆสำรองไว้ซึ่งมี 4-5 ที่ ไม่เกินชั่วโมง แต่กลับได้รัยคำถามว่ามีน้องมั๊ย คงหมายถึงตั้งครรภ์มั๊ย หรือมีเด็กมาด้วยมั๊ยต้องสำรองไว้ให้น้องที่มาแอ๊ดมิด แต่ต้องกันไว้หลายที่ขนาดนี้หรือ? สรุปขับรถกลับบ้านค่ะ ไม่ได้เจาะเลือดตามนัด",1
"เคาเตอร์พยาบาลจัดคิวมั่ว แซงคิว
พอไปถามว่าบัตรเอไอเอผมมีปัญหาอะไรไมเพราะเป็นช่วงต่อบัตรใหม่  ทำไมคนมาหลังผมได้ตรวจก่อนจนจะหมดห้อง เลยเอาผมไว้สุดท้ายเลย บอกหมอ หมอบอกว่าเป็นคนสุดท้ายแล้วหมอกำลังจะกลับบ้าน
คนไข้ไม่มีสิทธิ์สอบถามหรือ บัตรผู้ป่วยผมเลขที่ 11506/61 แผนกกระดูก คุณหมอดีมากแต่บริการเคาเตอร์แย่มาก ตรจสอบจากกล้องได้บ่ายสามโมงถึงสี่โมง วันที่30/5/16 เขียนร้องเรียนใส่กล่องห้องยา
คงไม่มีคนอ่าน ให้แค่ระบายความอึดอัดเท่านั้น หมอนัดอีกสองอาทิตย์ คงเจอเหตุการณ์นี้อีก ไปเร็วก็จับให้คิวสุดท้ายอีกแน่",3
ลูกสาวไข้สูงแอดมิทกลางดึก หมอพยาบาลดูแลดีมากๆ ยิ้มแย้มตลอดมือเบาเจาะน้ำเกลือเก่งลูกไม่ร้องเลย ทำให้ลูกไม่กลัวการมาโรงพยาบาลเลย อุ่นใจค่ะ,5
พนักงานดูแลค่อนข้างดี หน้าตาเจ้าหน้าที่ไม่ยิ้มแย้มเท่าไหร่ แต่โดยรวมตั้งแต่เข้ารับการรักษาจนกลับบ้านอยู่ในขั้นดีคับ,4
เมื่อวันศุกร์ที่ 13/1/60 ไปรักษาอาการเจ็บคอ และแสบจมูก คุณหมอน่ารักเป็นกันเอง แนะนำให้ดูแลสุขภาพช่วงอาการเปลี่ยนแปลงบ่อย ส่วนการบิการของฝ่ายการเงินใช้เวลารอมากไปหน่อย ทั้งๆที่มีคนไข้แค่ 2 คน (ต่ายมองว่างานบริการเรื่องเวลาเป็นสิ่งสำคัญ) แต่โดยรวมแล้วก็ยังรับได้ค่ะ,4
คุณหมอและพยาบาลให้การบริการและให้คําปรึกษาดีมากค่ะ,5
บริการดีเยี่ยม ใส่ใจคนไข้ดีมากค่ะ,5
"มีเหตุให้ต้องเข้ารับการตรวจอาการแน่นหน้าอก ที่ศูยน์ฯโรคหัวใจ ที่ รพ.วิภาราม ประทับใจตั้งแต่การต้อนรับของพนักงานต้อนรับ สอบถามแนะนำขั้นตอน จนกระทั่งพบแพทย์ คุณหมอตรวจละเอียดมาก ซักถามประวัติและ ตอบข้อสงสัย จนกระทั่งการนำเราไปตรวจคลื่นไฟฟ้าหัวใจด้วยเครื่องเดินสายพาน และ อธิบายผมการตรวจอย่างละเอียด จนเราไม่ติดใจสงสัยอะไรเลย พยาบาล,ผู้ช่วยฯ บริการดีมาก ติดนิดเดียวเรื่องสถานที่ อุปกรณ์การตรวจต้งอเดินไปอีกจุดหนึ่ง คนละชั้นกัน กับศูยน์อาหารในโรงพยาบาล อาหารน้อยไปครับ",4
เป็น รพ. ที่มีพนักงานเอาใจใส่คนไข้ดี แม้จะเป็นคนไข้ประกันสังคม และมีจำนวนมาก,4
โรงพยาบาลนี้ถ้าเงินสดรักษาดีค่ะแต่ถ้าประกันสังคมแย่ค่ะพยาบาลบริการแย่มากค่ะ,3
เข้านอน รอผ่าตัดหมอนรองกระดูกแตกทับเส้นประสาทขาวันอาทิตย์ที่ 15 นี้ พยาบาลดูแลดี ใส่ใจคนป่วย แต่เวลาปวด รอยาฉีดนานมาก แต่รวมถือว่าใช้ได้ค่ะ,4
แย่มากค่ะ...รอคิวเปนชาติแหละแช่แม่งอยุ่นั่นแหละ..ช้าจิงๆๆๆทำหั้ยคนเค้าเสียเวลามากๆๆๆ,1
"มารอหมอ หมอนัด9.00น.ตอนนี้ยังไม่เห็นเงาหมอพนักงาน,พยาบาลถามอะไรก็ไม่รู้เรื่องถ้าอีก20นาทีไม่มาคงต้องไปร.พ.อื่นเซ็งเป็ด",3
โรงพยาบาลนี้มีมาตรฐานมั้ยคะ เมื่อวานคนไข้ไข้ขึ้นสูงไปตรวจเเลือด ฉีดยา ถามหมอว่าต้องแอดมิทมั้ยเพราะไข้สูง 39 หมอบอกไม่ต้องดูอาการหมอให้ยาพารา กับยาแก้อาเจียน มากิน แค่นั้น ???? วันนี้ไข้ไม่ลด และอาการไม่ดีขึ้น เลยเปลี่ยนโรงพยาบาล ผลคือน้องเป็นไข้เลือดออกค่ะ ตอนนี้ต้องแอดมิท อาการแย่ลงกว่าเดิม คือยังไงคะวิภาราม ถ้าเป็นเด็กเล็กๆไม่แย่หรอคะ ตอบคำถามด้วยค่ะ,1
รอหมอนาน ...เรื่องนี้ต้องเร่งปรับปรุงนะคะ ทราบว่าคนไข้เยอะ แต่ยิ่งเยอะยิ่งควรปรับปรุงให้ทันนะคะ ชื่อเสียงเสียหายหมด ปัญหานี้ลือกันแซดแล้ว...ขึ้นชื่อมาก,1
โรงพยาบาลวิถารามยอดเยื่ยมมากคุณหมอที่นี่รักสาดี และเป็นกันเอง พูดได้คำเดียวว่าเยื่ยมคะ่,5
แย่มากโรงพยาบาลนี้ คนไข้เกิดอุบัติ คุนควรอธิบายมั่ย ควรรักษามั่ย ไม่ใช่ให้เค้าไปรักษาตามประกันสังคมที่ต้นสังกัดที่เลือกไว้ ห่วยย จรรยาบรรนมีรึเปล่า,1
ที่แหลมฉบังเริ่มที่ยามมั้ยสนจัยดูแลรถเข้าออกทั้งที่โรงบาลกำลังก่อสร้างอันตรายทั้งนั้นบริการก็แย่ช้ามากๆบุคลกรก็แย่,1
ทุกอย่างผมว่าโอเคครับผมพาพ่อมารักษาค่ารักษาเกือบแสนแต่คือการตอนรับดีมากครับ หมอ พยาบาลฝ่ายลำไส้ดีมาก พยาบบาลชั่น10และผู้ช่วยพยาบาลก่อดีมากๆ แต่มีอยู่อย่างเดียวผมว่าถ้าปรับปรุงได้จะดีมากเลยครับ ฝ่ายการเงินทั่งสีหน้าให้คำตอบแย่มากๆแย่จนไม่อยากกลับมารักษาอีกแล้ว ผมรู้นะว่าเหนื่อยถ้าเหนื่อยก่ออย่าทำเลยฝ่ายบริการนะครับ ขอร้องจากใจปรับปรุงด้วยครับ,1
ประทับใจครับ ให้บริการดี เร็ว คุณหมอแนะนำดีครับ คนเยอะมาก แต่รอไม่นานครับ ขอบคุณน่ะครับ ปล.ใช้ประกันสังคมครับ,5
เพิ่งเคยไปใช้ ปกส. ครั้งแรกของ รพ. ค่ะ ไปถึงตอน 8 โมงกว่า ใช้เวลาทำบัตร คัดกรอง พบหมอ รอรับยากลับบ้าน ไม่ถึงชั่วโมง เห็นคำวิจารณ์ ของผู้ใช้บริการ ปกส. ท่านอื่นๆอาจจะดูแย่ แต่เทียบกับที่อื่นแล้วจะรู้สึกว่าดีกว่าค่ะ รพ.เอกชน ปกส. ย่านเดียวกัน ไป 8 โมง รอหมอครึ่งวัน หมอพักเที่ยง กว่าจะได้ตรวจก็บ่ายโมงกว่า จนทำให้ขยาดกับการไปรพ. อีกนาน ขนาดไปตามนัด กว่าจะได้ตรวจก็เกือบเที่ยงตลอด,4
ไปทำบอลลูนหัวใจ หมอเก่ง พอใจกับการรักษาแต่หลังทำบอลลูนแล้ว ไม่เข้าใจว่าทำไมจึงใช้บุรุษพยาบาลมาดูแลทำความสะอาดร่างกายผู้ป่วยสตรี คนไข้อยู่ห้องพิเศษ ถึงจะสูงอายุแต่ก็ไม่ชอบใจเลย,3
อันนี้ไม่ว่าโรงพยาบาลนะค่ะขอด่าพยาบาลแทนค่ะมารยาทเลวทรามมากค่ะมรายาทไม่ดีเลยพอถามก็บอกให้ไปถามคนไข้มึงเป็นเจ้าหน้าที่คอยบริการลูกค้าแต่มึงไม่ทำหน้าที่ของมึงถ้าเค้าถามคนไข้รู้เรื่องเค้าคงไม่เดินไปพูดกับมึงให้เมื่อยปากหรอกแล้วเห็นพยาบาลใช้แถวเตะถังขยะเลยค่ะคนไข้อยุ่เต็มเลยไม่ควรใช้เท้านะค่ะพยาบาลโรงบาลนี้ต้องเอาไปฝึกใหม่ค่ะสงสัยไม่มีการศึกษาค่ะหรือไม่ไดรับการอบรมมาค่ะ (พยาบาลในห้องฉุกเฉินนะค่ะ_ไม่ใช่ทุกคนในโรงบาล) เรื่องพึ่งเกิดวันที่23/02/2559 ค่ะ มารยาททรามมากค่ะ ไม่เหมาะแก่การเป็นพยาบาลเลยค่ะ_หรือทะเลาะกับสามีที่บ้านมาเหรอค่ะถึงมาลงกับคนไข้(เลวทรามมากๆๆ),2
บริการข้อนข้างดี,5
ก้ดีค่ะ,5
บริการดี รอพบหมอกับรอยานานเกินไป,5
ช้าและห่วย ว่ะแย่ที่สุด,1
ผมใช้บริการตั้งแต่แรกๆที่ตั้ง รพ เลยครับ แต่มาช่วงสามสี่ปีมานี้บริการชักแย่ลงๆตอนนั้นคนไข้น้อย มาตอนนี้คนไข้เยอะ รายได้ของ รพ. ก็เยอะตาม แต่บริการกลับถอยหลัง ถ้าบอกลายละเอียดจะมากกว่านี้ ผมว่าหลายคนน่าจะรู้,1
"ทุกอย่างก็ดีนะค่ะ แต่ขอให้สระผมให้คนไข้ คุณบอกไม่มีบริการต้องจ้างให้ พยาบาลสระ ประมาณ200-300บาท และเราต้องซื้อยาสระผมเอง คือแบบนอน รพ จะอาทิตย์นึงล่ะ ค่ารักษาจะ80,000บาทแล้ว ที่ รพ อื่นยังมีสระผมให้โดยไม่เก็บอะไรเพิ่มเลย ติดใจแค่เรื่องนี้เรื่องเดียว ที่เหลือ หมอดีมาก นางพยาบาลดีหมดยกเว้นอยู่ตัวเดียวที่กวนteen เดียวหมดความอดทนคงมีมวยซักตั้ง",3
บริการดีๆ,5
ทำเรื่องย้ายโรงพยาบาลด่วนเลย!!!...เจอวันนี้ไปรับในบริการไม่ไหวคะ...#หมอดีทุกคน...แต่บรรดาเจ้าหน้าที่เทวดาทั้งหลายถามหน่อยว่าถ้าคุณไม่พอใจ ไม่เต็มใจทำงานบริการของคุณ ก็อย่ามาทำเลยคะ.. คนที่มารับการรักษาถ้าเค้าสบายดีจะมามั๊ย...พูดกับเค้าดีๆกันไม่เป็นรึไง...ทุกตัวจริงๆวันนี้เจอ...ขอโทษนะคะโรงพยาบาลไม่อบรม พนักเลยรึไง...ต่อให้ใช้บริการประกันสังคม...เค้าก็ได้เสียตังค์นะปีๆนึงตั้งเท่าไหร่...ไม่พอใจอาชีพตัวเองก็ลาออกไปซะ...อย่ามาทำให้โรงพยาบาลเค้าเสื่อมเสียชื่อเสียง.......สุดทนจริงๆ,1
คุณหมอกชกร แผนกENTคะ ดิฉันนอนไม่หลับเพราะปวดหูเนื่องจากคุณหมอไม่ให้ยาไรมาทานแค่บอกให้นมลูกอยู่ คือยาบางตัวก็ไม่มีผลกับน้ำนมนะคะแต่คุณหมอไม่หาข้อมูลเลยค่ะ เสียค่ารักษาไปเกือบพันหวังจะได้การรักษาที่ดี ยังต้องมานอนปวดหูอีก เซงชะมัด,2
วันที่ 3 มีนา หลานไปผ่าคลอด พอวันที่ 6 กลับบ้านได้ ก็ห่อเด็กมาให้ ถึงบ้านแม่เด็กแกะผ้าออก พบว่าที่ก้นเด็กเป็นแผลซ้ำบวมแดง ไปหาหมอ หมอบอกไม่เป็นไรไม่มีหนอง (ดูๆ จรรยาบันของหมอรึนี่) ให้กลับบ้าน จนถึงวันนี้เด็กยังต้องเข้ารักษาโรงพยาบาลอยู่เลย แต่เปลี่ยนโรงพยาบาลและ (ถ้าเป็นไรมากนะ คงต้องฟ้องร้องกันล่ะ) ไม่ยอมจริงๆด้วย,1
ก้เปนครั้งแรกที่ไปกก้ถือว่าใช้ได้ บริการใช้ได้,3
ยกเลิกประกันสังคมไปเถอะ บริการย่ำแย่ คนป่วยรอตายพอดี,1
แย่มากคุณหมอพูดจากับผู้ป่วยไม่ดีเลย.ควรปรับปรุง แผนกผิวหนัง.ตึกใหม่..ผมว่าผมมารักษาเสียเงินนะครับ,1
วันนี้ไปมา แต่ไปตอน7โมงกว่าๆ เป็นกรดไหลย้อน สถานที่&หมอ&เวชทะเบียนก็บริการดีอยุ่นะคะ สงสัยวันนี้โชคดี ได้หมอดี ประเดิมใช้สิทธประกันสังคมวันแรกด้วยเลย 555555,5
เป็นโรคหัวใจเต้นผิดจังหวะและหัวใจโตโดยใช้สิทธ์ประกันสังคมรักษา หมอไม่เคยจับชีพจรที่ข้อมือ ไม่เคยวัดความดันแบบอนาล็อกและไม่เคยฟังเสียงหัวใจว่าเต้นถูกจังหวะหรือป่าว ได้แต่ถามอาการเป็นยังไงเราบอกว่าเหนื่อยง่ายและจุกที่หน้าอกหมอบอกว่า อ้วนไม่ออกกำลังกายล่าสุดบอกหมอว่ามีเวลาเดินนานๆตอนออกกำลังกายจะมีอาการชาที่หน้าขาหมอตอบกลับมาว่าคุณอ้วน น้ำหนักตัวเยอะ โดยไม่มีการตรวจหาสาเหตุ ไม่รู้ว่าหมอท่านนี้จบมาได้ยังไงบอกสาเหตุได้โดยไม่ได้ตรวจ ปล.หมอท่านนี้มาตรวจแทนหมอธนิต,1
เปน รพฯที่เอาเปรียบคนไข้มากบริการก็ไม่ดีหมอก็ไม่เก่งเอาแต่เงินเปน รพฯที่ต้องปรับปรุงให้มากกว่านี้,4
มาตั้งแต่ทุ่มครึ่ง หมอนั่งเฉยยันสองทุ่มแล้วก็ออกเวร.. พยาบาลแจ้งว่าจะมีหมอมาเข้าเวรตอนสองทุ่ม แต่จนถึงตอนนี้ก็ยังไม่มา ไม่รู้ว่านโยบายแย่หรือจรรยาบรรณไม่มีก็ไม่รู้?!?,1
รอ1ชม.หมอพูด1คำ....ปากเน่าหรือไงวะถามไรก้ไม่อยากจะตอบ,1
อยากให้จ่ายดีๆนิดคับ ตอนนี้กำลังรอหมออยุเอวยอก ดูสิจะได้ยาอะไร,1
พยาบาลเดินกระแทกประตูเข้ามาวัดความดันดังปัง!! แบบนอนๆอยู่สะดุ้งตื่นตอนตี1 นี่คืออะไร? หัวค่ำก็มีพยาบาลเข้ามารื้อค้นอะไรในตู้โดยไม่บอกไม่กล่าวไม่พูดไม่จานี่คืออัลไร??? นี่อยู่ห้องเดี่ยวนะไม่ใช่ห้องรวมส่วนต่างก้จ่ายนะแต่นี่คือสิ่งที่ได้รับ....การบริการผู้ป่วยอยู่ในขั้นเลวมากพูดเลย!!!,1
การบริการของโรงพยาบาลวิภารามแย่มากมาหาหมอตั้งแต่ 2 ทุ่มครึ่ง จนถึง 4 ทุ่มก็ยังไม่เรียก เรารอนานไปก็เลยเดินไปถามว่าจาถึงคิวหรือยังเพราะมีคนไข้ไม่ถึง 3 คน แล้วได้คำตอบกลับมาว่าได้คิวที่ 2 โอเคเรานั่งรอพอคนแรกตรวจเสร็จแต่ไม่เรียกเราข้ามไปเรียกอีกคนแล้วบอกกับเราว่าให้ไปรอตรวจห้องฉุกเฉินเพราะประกันสังคมปิด4 ทุ่ม ส่วนพวกพยาบาลนั่งดูทีวีกันไม่สนใจคนไข้เลยแม้แต่นิดว่าจาเป็นหรือตายพยาบาลทำหน้าทำหน้าไม่รับคนไข้เลยบอกเลยบริการได้ทุเรสมาก ผ่านการเป็นพยาบาลมาได้ยังไงซื้อใบวิชาชีพพยาบาลมาหรอ !!!!,1
รอนานมาก หมอก็อยู่ในห้อง ไม่เรียกสักที น่าจะปรับเปลี่ยนระบบบ้างนะ นัดมาเที่ยง สามโมงยังไม่ได้ตรวจเลย คิวก็ไม่ได้เยอะอะไรเลย 30บาทรักษาทุกโรคยังทำงานรวดเร็วกว่าที่นี่อีก,1
เพิ่งจะเคยใช้บริการ ประกันสังคม กับที่นี้ค่ะ อีกไม่กี่นาทีก็จะครบ 5 ชั่วโมง นานสุดๆๆ แอบคิดว่าถ้ามีคนป่วยหนัก นี้จะเป็นอย่างหน้อ,1
นานไปไหมให้คนป่วยนั่งรอเป็นชั่วโมง ไม่ได้เป็นปรกติน่ะที่จะมานั่งรอสบายใจ รู้งี้นอนเจ็บอยู่บ้านดีกว่า,1
เจ้าหน้าที่วัดความดัน ชั่งน้ำหนัก แผนกอายุรกรรม พูดจาแย่มาก มากี่ครั้งก็เหมือนเดิมแย่คงเส้นคงวาดี และได้สังเกตว่าพูดแบบนี้กับคนไข้ทุกคน ทำหน้าตาไม่รับบริการ ถ้าไม่อยากทำควรลาออกไปซะ พนักงานคนอื่นที่เจอไม่มีใครเป็นเหมือนคนนี้เลย รบกวนนำไปพิจารณาด้วยคะ,1
คือมาหาหมอด้วยอาการปวดเมื่อยตามตัว แสบคอ แสบจมูก แล้วจ่ายยา แก้แพ้ ยาแก้คัน ทำไมคะ จ่ายยาผิดๆ จ่ายยาไม่ตรงกับอาการ อยากรู้จริงๆมันเกิดอะไรขึ้น การทำงานของพวกคุณไม่มีความรอบครอบเลยใช่มัย,1
คือแย่มากบอกเลย สาขาแหลมฉบัง คือพี่ชายของเพื่อนสนิทรถล้มที่หน้าโรงบาล ยามเห็นแต่เดินหนีเข้าโรงบาลเฉย ตามหมอ หมอไม่ออกมาสุดท้าย พี่ชายเพื่อนเสียค่ะ ถ้าออหมาดูแลเบื้องต้นสักนิด คือคงไม่เกิดการสูญเสีย... ไมเป็นแบบนี้,1
บริการโคตรห่วย เกิดอุบัติรถล้มมา มาห้องฉุกเฉิน แทนที่จะทำแผลให้ ให้เดินไปเวชทะเบียนเอง เข้าห้องฉุกเฉินนั่งคุยกับหมอ แล้วก็ไล่ออกมา ไม่ทำแผลอะไรสักนิด คืออะไรครับ คุยกับหมอแล้วผมรู้สึกฟิน จนหายเจ็บไปเองหรอครับ บริการแย่มากๆ รพ.เอกชนนะครับ ไม่ใช่โรงฆ่าสัตว์,1
พาแฟนมาผ่าตัด คุณหมอเก่ง โดยรวมเกือบดี แต่ดูเหมือนพยาบาลแต่ละแผนกไม่ดิวกัน โทรนัดคนไข้ให้อดอาหารตั้งแต่ 6โมง และให้มาถึง รพ.เที่ยง เพื่อให้น้ำเกลือ และคุณหมอจะมาผ่าตอน2ทุ่ม พอไปถึงตามนัด ทุกคนงง บอกว่าคุณหมอเข้าช่วงเย็นนะคะ เอิ่ม..ในประวัติไม่มีเหรอคะ พยาบาลบอกไม่มีข้อมูล ต้องนั่งรอนานมาก แถมตอนเจาะเลือด พยาบาลบอกว่าให้งดอาหารตอนแปดโมง หกโมงนานไปทำให้เลือดหนืด เจาะยาก!!! คือไม่ได้คุยกันก่อนเหรอคะ? เวลาไปติดต่อแต่ละแผนกนานมาก ต้องพูดใหม่ทั้งหมด ถ้าปรับปรุงส่วนเล็กๆตรงนี้ได้ จะดีมากค่ะ,3
บัตรประกันสังคมนี้คือ ผู้ป่วยชั้นต่ำหรืออะไรค่ะ พยาบาลนี้ หน้าเป็นส้นตีน พูดจากนี้จะกะแทกไปไหน ฉันไปตบหัว ญาติฝ่ายไหนไว้ป่ะ !!!!! นี้มาทำงานเงินเดือนไม่ได้หรืออะไร ?? ก่อนรับพนักงานเข้าทำงาน ควรดูพฤติกรรมบ้างก้อดีนะ!! ฉันก้อทำงานบริการเหมือนกัน มารยาทยังไม่ทรามเท่านี้นะ !!!!,1
ส่วนตัวก็ดีนะครับ ช้าหน่อยแต่ชัวร์ ก็ดีกว่าไปจ่ายเอง ถ้าไม่มีประกันสังคม ที่พยาบาลดูเหนื่อยๆไม่แปลกหรอกครับ พี่แกทำงานเช้าจรดเย็นคนไข้เป็นร้อย คอมเม้นท์บางอันก็เวอร์ไป เห็นแก่ตัวกันจริงๆ รักษาฟรี ละยังต้องมาให้เอาใจอีกบ้าหรือเปล่า.,4
ถูกใจ,5
พยายาลน่ารักสวนชี่ให้ด้วย ใม่รังเกียจพูดก่อเพราะ ขอบคุณครับเอาใป5ดาว,5
มี0ดาวไหม พยาบาลไม่ศึกษาเคส อ่อนหัดมากๆ บุรุษพยาบาล(ไม่ใช่ชายแท้)พูดจาชั่วๆกับคนไข้คิดว่าเขาไม่ได้ยินรึ หมอเจ้าของไข้มาตรวจแปบๆแล้วก็ไปไม่รู้ถึงสาเหตุที่แท้จริง บอกไว้ก่อนฉันจำหน้าได้ทุกคนนะ ใครจะมาที่นี่เชิญไปรพ.อื่นเถอะ,1
มาตามนัดหมอ มาถึงวัดความดัน 2 รอบ ยังไม่ทิ้งช่วงถึง 10 นาทีก็เรียกวัดซ้ำ รู้ว่าคนไข้เยอะ เจ้าหน้าที่โซนประกันสังคมเกือบจะทุกคน นับวันยิ่งบริการกับคนไข้แย่มากๆ ไม่รู้จะรีบไปไหน อีกเรื่องเรียกชื่อคนไข้ ก็ไม่ขานนามสกุล คนไข้มีชื่อจริงซ้ำกันก็มี เคยโดนเรียกชื่อเหมือนกัน ลงประวัติคนไข้ก็ผิด อยากจะให้ทางโรงพยาบาลช่วยอบรมเจ้าหน้าที่พวกนี้เพิ่มเติมใหม่อีกรอบ,1
ช้ามาก,1
หมอใหม่ หน้าเด็กๆ หลายคน บริการแย่ ตรวจไม่ละเอียด สักแต่ว่าตรวจขอไปที ไม่เช็คให้ละเอียด ถ้าคิดว่า เป็นบัตรประกันสังคม แล้วจะมาตรวจชุ่ยๆ แบบนี้ ก้ออย่ามีเลยค่ะประกันสังคม เห็นแล้วแย่ พูดจาก้อไม่ดี ไม่แนะนำ ไม่คิดจะดูแล ผิดกะหมอรุ่นเก่าๆ ที่เอาใจใส่คนไข้มากกว่า ***จะคัดหมอทั้งที กรุณา ช่วยอบรมมารยาท การพูดจาด้วยนะค่ะ เพราะมันแสดงให้เห็นถึงความน่าเคารพในการเป็นคุณหมอ ***,1
หมอนัดมา9.00 โอยรอแม่งจน13.00 คิวที่5 ตอนนี้28 ได้คิว45 จะนัดทำ..วยไรวะ ห่าละบอกหมอไม่พักเบรก กุเหนเดินไปแดกข้าวกันหมด,1
อยากให้ทำทางม้าลายข้ามถนน หรือมีสัญญาณไฟข้าม รถเยอะ คนข้ามกันก็เยอะค่ะ,3
เราว่าดีนะ ส่วนดีมากกว่าส่วนเสีย การบริการดี รักษามามากว่า 10ปี,1
ขอบคุณอาจาร์ยหมอ พยาบาลและเจ้าหน้าที่โรงพยาบาลทุกท่านในการเข้ารับการรักษาครั้งนี้ค่ะ ทุกคนดูแลเอาใจใส่ดีมากกกก อาหารตรงเวลา แถมอาหารว่างอีกตะหาก ใจดีและดูแลดีมากๆเลยค่ะ แม้ว่าจะใช้ประกัน และขอขอบคุณเมืองไทยประกันชีวืตที่ประสานงานให้เป็นอย่างดีค่ะ,5
บริการดีมากค่ะ ชอบ..ปลื้มปริ่มมากๆ รู้สึกดีที่มาโรงพยาบาลวิภาราม,5
ห้องฉุกเฉินบริการดีมาก,4
คุณหมอทุกท่านดูแลดีคะแต่บุคลากรบางคนนิสัยแย่คะคิดก่อนพูดดีกว่าพูดก่อนคิด(ยำบางคน),4
คือดีงาม ตกบันได บอกเป็นเก๊าท์ นัดเจาะเลือดวันจันทร์. ก็ลางานมาให้ #อดข้าวอดน้ำ นัด 9:30 น. ก็มาให้ตามนัด 9โมง มาถึงพยาบาลบอกหมอคนไข้เยอะปิดรับคิวมาใหม่ พรุ่งนี้ #คือไรอะ #นัดกรูแล้ว #ต้องลางานป่ะ บอกไปว่าไม่ได้ต้องลางาน เลยจะให้มาใหม่อาทิตย์หน้า #ถ้าเป็นโรคร้ายแรงคือตายไปละ #บอกเลย #ไม่มาละ นัดไว้เองบอกเต็ม #ไม่เคยเจอที่ไหนจริงๆ,2
รอผลตรวจนานเกิ๊น....ถ้าจะนานขนาดนี้บอกให้ผู้ป่วยไปทานข้าวเที่ยงก่อนดีมั้ย บริการดีมั่งแต่ช้ามากค่ะ,2
ล่าช้ามาก ช้าสุดๆ ที่อื่นเขารวดเร็วมากเป็นที่แรกเลยที่รู้สึกว่านี้เรามาโรงพยาบาลเอกชนแล้วต้องรอนาน.....หลับรอเลย..........(เคสผมจ่ายเงินนะ),2
ตอนแรกก็ว่าโรงพยาบาลนี้โอเคนะคะ เลยย้ายประกันสังคมมาทีนี่ แต่ประเด็นคือ... วันนี้มาตรวจภายในโดยไม่ใช้ประกันสังคมค่ะ ระหว่างตรวจเราก็คุยกับหมอบอกถึงอาการต่างๆ มีพยาบาลอีกคนเดินเข้ามา และตอนพยาบาลคนนั้นเดินออกมาจากห้องตรวจ แฟนเราก็สังเกตเห็นเค้าหัวเราะคิกคักกับพยาบาลอีกคน พอเราออกมาแฟนเราเลยสงสัยว่ามีอะไร โหยย....เป็นอะไรที่แย่มากนะ เข้ามาฟังเฉยๆจากคนที่เค้าไม่เคยตรวจ แล้วยังจะมานินทาอะไรแบบนี้อีก ไม่ไหวค่ะ คงไม่ใช่บริการตรงนี้อีกแล้ว,1
ดีมากคับ,5
การบริการช้ามากๆๆไคนไข้เยอะแต่ก่อนไม่เป็นแบบนี้เลยมาหาหมอที่ใช้เวลาครึ่งวัน,1
แย่ค่ะ!!! แย่ๆๆๆๆๆๆๆๆๆๆๆๆ,1
ผมไปประจำเลยล่ะครับ ชอบสุดตอนซี่โครงหักครับ :P,5
คนไข้เยอะเกินมาแต่ละครั้งรอนานมาก เก้าอี้ก้อไม่พอ เบื่อมาก แต่ก้อจามเปน,4
ผมไม่ประทับใจการรักษาของแพทย์เลย,1
คุณหมอ กับ พยาบาล น่ารักที่ สุดๆๆๆๆๆๆๆ,5
นัด17.00น.รอมาสองชั่วโมงยังไม่ได้ตรวจ พยาบาลไม่แจ้ง เหตุผล..หิวข้าวไปไหนก็ไม่ได้...ทำไมบริการห่วยแบบนี้,1
แพทย์ที่นี่ ที่ดีก็ดีเหลือล้น ที่แย่ก็แย่สุดๆ,2
คุนหมอน่ารักมากให้กัมลังใจเราโดยเฉพาะคุนหมผดุงรัตน์.และพี่ใส่ชุดสีม่วงชื่อพี่วันที่ยุ่ห้องSEMI I C U ทุกคนในห้องSEMI I C U น่ารักมากคอยช่วยเหลือแม่คอยดูแลเอาใจใส่เป็นอย่างดีทั้งๆที่ใช้สิทธิ์รักษา30บาทด้วยซ้ำช่วยจนเหมือนกับว่าเป็นญาติพี่น้องของตัวเองซึ้งในน้ำใจของพี่วันมากอยากช่วยแม่เราจนทัมอะรัยไม่ถุกเรยจนเราเองต้องบอกพี่วันว่าใจเย็นๆคร่พี่สุ้ๆ..พี่วันบอกต้องรีบคร่ช้าไม่ได้เพราะคุนยายมีเลือดออกทางคอ..ขอขอบคุนทุกๆคนที่ช่วยคุนแม่อย่างที่สุดจนพ้นขีดอันตรายแร้วขอบคุนมากๆคร่..คุนหมอผดุงรัตน์และพี่วันแสนสวย,5
เราไปใช้บริการผ่าตัด สิทธิ์ประกันสังคมบริการก็โอเครนะ อีกอย่างเราไปคนเดียวไม่มีญาติเฝ้า ก็พยาบาลกับผู้ช่วยพยาบาลนี้แหละคอยช่วย ห้องนอนพักฝื้นสงบดีไม่พลุกพล่าน แต่ห้องผ่าตัดอาจจะเสียงดังหน่อย แต่ก๋บริการดี ครับ,5
มาวัดความดันตั้งแต่1ทุ่ม รอหมอจนถึง3ทุ่มยังไม่ได้ตรวจเลย. เพลียยย,3
พยาบาล แผนกเด็กขอบอกเลยว่า แย่มากพูดจาไม่ได้เรื่อง ปกติเด็กมารักษาหรือฉีดวีคซีนจะมีสมุดประจำตัว ยื่นให้พยาบาลเขียนรายละเอียดว่า น้ำหนักเท่ารัย สูงเท่ารัย แต่ตอนนี้พยาบาลไม่สนใจ แถมพุดจาแย่มาก หน้าไม่รับแขก ถ้าไม่อยากทำ ลาออกไปดีกว่ามัย,1
วันนี้ประทับใจมากๆ กับการบริการ ตัวเองเพิ่งย้ายประกันสังคมมา รพ.วิภาราม ยังใม่เคยใช้บริการเลยครั้งแรก. พอดีตัวเองมีปัญหาเกี่ยวกับประจำเดือนมาผิดปกติ ที่แรกก็หวั่นๆ เพราะมาอ่านในกระทู้ว่าบริการไม่ดี ใช้ประกันสังคม อย่างนุ้นอย่างนี้ หวั่นๆ นิสนึง เลยลองสักตั้ง! 55+ พอไปปุ้บ! พนง.ต้อนรับดีมาก ถามเราว่ามีบัตรอะไรมาบ้าง? เราเลยยื่น บัตรประกันสังคม+บัตร Aia ควบคู่ ใช้เวลาใม่นาน ตรวจภายในด้วย หมอพูดจาดีมาก พ.ญ กมลนัทธ์ ประพันธ์วัฒนะ ถามนุ่นนี้นั้น ไปเที่ยง เสร็จประมาณบ่าย3 :),5
บริการห่วยมาก พูดแค่นี้แหละถ้าไม่อยากเอาลูกหลานมาทรมาน แนะนำ อย่ามาเลย ห่วยๆเหี้ยๆ,1
ปล่อยคนไข้รอนานไปไหม มา13.10 ป่านนี้ยังไม้ได้ตรวจปวดขาก็ปวด ปล่อยคนไข้รอขนาดนี้ก็ไม่ไหวนะ,2
บริการก็ดีน่ะครับ ตินิดเดียวครับ ห้องตรวจ 5 ห้อง หมอคนเดียว คนไข้ 40-50 คนแต่ละคนก็มีอาการป่วย. ไม่ทราบว่าจะแก้ไขปัญหานี้ได้หรือไม่ครับ. ขอบคุณครับ,3
แผนกฉุกเฉินดีมาก แผนกผู้ป่วยในชั้น9 ผู้ช่วยพยาบาลดูแลคนไข้ได้แย่มากๆๆๆ ทำงานช้ามากๆๆ แผนกICU ดีมาก,2
เรื่องช้ายกให้ที่หนึ่งเลย ช้าสุดๆๆ ช้าทุกครั้ง,1
ตอนมีประกันสุขภาพไข้ขึ้นสูงให้แอดมิด พอใช้ประกันสังคมเป็นไข้ปวดหัวเป็นผื่นทั้งตัว บอกผู้ป่วยว่าคิดไปเอง กลัวไปเอง จะมาแอดมิดทำไมไม่มีเหตุผล!! ขอบคุณคะ ทราบว่าเป็นโรงพยาบาลไม่ใช่โรงแรม คงไม่มีใครอยากไปนอนเล่นหรอก ✨,1
พยาบาลและบุคลากรที่นี่มารยาทดี อำนวยความสะดวกให้กับผู้มาใช้บรริการดีค่ะ,3
พอดีแฟนไม่สบายพาไปหาหมอเมื่อวานตอนตี1คึ่งหมอไม่ถามรัยสักคำตรวจแบบชุ่ยมากแฟนก้ได้ยาพารากับแก้อักเสบมาทานแค่นี้แต่จุดประสงที่ไปเพราะแฟนปวดทั้งตัวเมื่อยล้าและหนาวสั่น หมอดันเขียนมาในใบรับรองแพทย์ว่าเปนทอมซินอักเสบเข็ดแล้วค่า เหนเราเปนแค่คนที่มีประกันสังคมบริการก้แย่แบบนี้ไม่ไหวจิงๆ,1
เคยเกิดอุบัติเหตุทุกคนบริการก็ดีนะคะแต่ตรงห้งฉุกเฉินคุยกันเสียงดังเหมือนตลาดแตกปรับปรุงตรงนี้ได้ถือว่าเยี่ยมเลยค่ะ,4
ไม่ได้เอาบัตรประชาชนมาแต่เอาในโทรศัพท์ที่แฟนส่งมาให้ดู ทำหน้าเป้นส้นตีนเลยค่ะ,1
#บอกนัดคนไข้มาก่อน6โมงเช้านะ แม่ง6โมงครึ่งละผมยังไม่เห็นหน้าหมอเลยปรับปรุงหน่อยครับ,2
วันนี้ครับน้องสาวผมไปหาหมอครับ เนื่องจากหน้ามือมาตั้งแต่เมื่อวานทานยานอนพักแล้วไม่หาย ตอนเช้าก็หน้ามืดล้มฟุบอีก พอตอนเย็นไปหาหมอไม่มีแรงละ เวียนหัวมือสั่น ขอนอน รพ.ครับ หมอก็ไล่กลับบ้านครับบอกไม่ได้เป็นอะไร คืออะไรครับ?,1
พยาบาลหน้าเคาเตอร์พูดจากวนส้นตีนมากแย่มาก บริการแย่มาก พฤติกกรรมเหมือนคนไม่มีการศึกษา เสียตังค่ะ ไม่ได้มาขอยาฟรี,1
ห่วยมากค่ะ ทั้งพยาบาลและหมอ ไร้จรรยาบรรณ เราถามถึงคิวหรือยังเนื่องจากรอนานมากและอีคนที่มาที่หลังเข้าไปหาหมอแล้ว และเราได้ไปสอบถามกับพยาบาลคนนึงตามไปแล้วรอบนึง ก็บอกยังไม่ถึงคิว เราเลยรอประมาณ45นาที เลยตามอีกครั้ง พยาบาลอีกคน พยาบาลถามเราว่า มีนัดไหม เราตอบ ไม่มีคะ เราเลยถามต่อว่า อ่อมีนัดถึงได้คิวก่อนรึป่าวค่ะ พยาบาลตอบว่า ไม่ค่ะ จะเปลี่ยนห้องรึป่าว เราตอบ อ่อไม่ค่ะ และเราก็เดินออกมา และอีพยาบาลก็ทำหน้าแบะปากใส่เรา มีรูปพยาบาลนะคะคลิ๊กดูคอมเม้นได้ค่ะ,1
มารับบริการที่แผนกฉุกเฉินช่วง 2.30 น.วันที่ 22 พ.ค.2559 ลูกชายปวดท้อง หลังจากจอดรถพาเข้าห้องฉุกเฉินโดยเวรเปล แม่ไปติดต่อเวชระเบียนเสร็จ ไม่ได้รับการติดต่อใดๆจากเจ้าหน้าที่ เพราะทุกคนนั่งในห้องหมด ไม่แจ้งอะไร ไม่ออกมา ลูกอายุ 18 ปีก้อจริง แต่มันใช่หราที่เราเข้ารพ.เอกชนแต่การบริการเหมือนรพ.รัฐบาล จนกระทั่งเข็นลูกออกมา บอกรับยา จ่ายเงินค่ะ พอบอกขอใบรับรองแพทย์ด้วยนะค่ะ ย้อนกลับมาว่าแจ้งไว้มั๊ยหล่ะค่ะ ต้องเดินกลับไปในห้องฉุกเฉิน ถามนะค่ะมีใครสักคนมั๊ยมาติดต่อถามเรา แน่มากค่ะ สุนทรี 0931250754 ถ้าต้องการรายละเอียดเพิ่ม,1
เคยไปมาแล้วค่ะ และจะไม่ไปอีก,1
หมอ พยาบาลพูดจาไม่เพราะ บริการเริ่มห่วย ช้ามากๆ ทำเหมือนปนะกันสังคมขอรักษาฟรีงั้นเเหละ แต่ก่อนก็ยังโอเคนะเดี๋ยวนี้ห่วยลงทุกวันๆ,1
บริการห่วยแตกมาก. ช้ามาก ข้ามคิว ต้องเดินไปสอบถามถึงจะเรียกชื่อ พยาบาลรวมถึงพนักงานไม่มีใจรักในการบริการ ไม่ยิ้มแย้มแจ่มใส่ ถ้าคนจะตายก้คงตายไปแล้วกับการมารักษาที่นี่ เปนรพ.ที่ห่วยแตกมากๆ มารักษาต้องใช้เงินนะไม่ได้รักษาฟรี คิดทบทวนและหัดมีจรรยาบรรกันบ้างนะสำหรับบุคลากรที่นี่,1
หมอรักษาแฟนผมไม่ได้ก็ไม่ยอมส่งตัวไปรักษาที่อื่นแย่สุดๆ,1
บริการแย่ค่ะ เจ้าหน้าที่พยาบาล คำว่าค่ะ ไม่แน่ใจได้อบรมกันบ้างรึเปล่า วาจาสีหน้าที่ปฏิบัติกับผู้ป่วย ปรับปรุงด้วยนะคะ แลดูถูกผู้ป่วยมาก เงินที่ผู้ป่วยจ่ายไปเงินเดือนต่อเดือนคุณทั้งนั้น ควรปฏิบัติด้วยวาจาที่สุภาพให้มากกว่านี้,1
บริการแย่มากพูดจากับคนไข้ไม่ดีเลย ห่วยแตก olo,1
ที่จอดรถแย่มาก ที่จอดรถน้อย ให้วนขึ้นไปจอดชั้นดาดฟ้าจนปวดหัว นี่มารักษาแบบไม่ได้ใช้ประกันสังคม หมดไปหลายพัน เจอแบบนี้ แย่จริงๆ,1
ไปเมื่อคืน ตี2 วันนี้เอง 23/9/58 ขับรถไปจอดชั้น3 ลงไปชั้น 2 เจอยามหลับ ลงไปชั้น 1เจอเจ้าหน้าที่ฉุกเฉิน ถามไปหาหมอทางไหนก็แค่ชี้ทาง เข้าไปเจอพยาบาล 4-5 คน นั้งอยู่ 1ในนั้นกว่าหล่อนจะลุกขึ้นมาบริการหน้าเหมือนตูด หมอมาถามอาการ ท้องเสียไปหาหมอตอนบ่ายที่คลินิคหมอบอกว่ากลัวเป็นไส้ติ่งสั่งไว้หากไม่ดีขึ้นให้ไป รพ หมอแม่งพูดเหมือนรีบมาทำไมต้องทานยาก่อน2-3 วัน ตรูจะรู้มั๊ย ถ้ารู้ฉันคงไม่ต้องหาหมออาชีพหมอคงไม่ต้องมีหายาทานตามร้านขายยาก็ได้ น่าจะมีคำพูดที่ดีกว่านี้ หมอฉลาดแล้วไงพูดจาแบบนี้ฉลาดก็ไม่มีประโยชน์ว่าปะ ภาพรวม ฮ่วยแตก,1
เจ้าหน้าที่วัดความดัน(คนที่หน้าตาอีสานๆทำเหมือนสวย)ทำงานช้ามาก นึกอยากจะเดินไปซื้อน้ำ ไป7-11 ก็ลุกออกไปเฉยเลย คนป่วยรอคิวเยอะมากเธอก็ไม่แคร์ ลองเอาใจเค้ามาใส่ใจตัวเองดูบ้างสิครับ ว่าถ้าเป็นคนรัก เป็นพ่อเป็นแม่คุณ ที่ป่วยรอการรักษา จะรู้สึกเช่นไร,1
มาขอใบรับรองแพทย์การตั้งครรภ์ รอ3ชั่วโมง พยาบาลแหม่งไม่รู้เรื่องห๊าอะไรสักอย่าง ดีที่หมอดี,1
แผนกเจาะเลือดชั้น1รอนานมาก คนเยอะมากๆตลอดสถานที่เล็ก เจ้าหน้าที่น้อย ปรับปรุงแล้วแย่จะปรับปรุงทำไม คนรอเจาะเลือดนี่อดข้าวอดน้ำมากว่าจะถึงคิวเจาะรอเป็นชั่วโมงๆ ช่วยปรับปรุงด้วย!!!,1
"ปัสสวะอักเสษ อาเจียนผลข้างเคียงของยา หมอสั่งให้น้ำเกลือ แต่ไม่มีเตียง ให้รอไปจะเป็นลม แล้วคืออะไร พาไปห้องฉุกเฉิน หมอห้องฉุกเฉินบอก ""ปัสสวะอักเสบไม่ต้องกินยาก็หายได้ กินไปมากก็ดื้อยา อาการผลข้างเคียงเดี๋ยวก็หาย"" พูดทีน้ำลายกระเด็นใส่หน้าคนไข้ล่ะ แล้วที่ยาปฏิชีวนะที่กินไปแล้วครึ่งๆกลาง ยังไม่ทันหายดีให้เลิกกิน คืออันนี้ไม่เป็นไร นี้หมอน่ะบอกแบบนี้ คราวหน้าบอกเลย ไม่มาแล้ว!! จะเป็นลม!",2
จริงๆอยากติดลบให้แต่ก้อ ไม่มีที่ติดลบดาว เพราะการทำงานไม่เป็นมืออาชีพ ซึ่งวันนี่มาหาหมออายุรกรรมโรคหัวใจ ซึ่งไปไม่ตรงนัด แต่พยาบาลหน้าห้อง กลับบอกว่ามาไม่ตรงนัด ต้องไปติดต่อขอยากับหมอเวร จึงไปรอวัดความดันก้อโดนแซงคิวโดยพยาบาลวัดความดันโดย พยาบาลให้เสียบบัตรไว้ แต่พอเรียกก้อเรียกคนที่เสียบบัตรทีหลังก่อนเพราะบัตรอยู่บนสุด พอไปหาหมอเวรเสร็จ หมอก้อสั่งยาบอกเด๋วนัดกับหมอหัวใจให้ เอายาไปกินก่อน1 เดือน ซึ่งดูแล้วไม่น่ามีปัญหาอะไร แต่พอมารับยา กลับโดนห้องยาว่า คุณหมอเวรสั่งยาสำหรับคนไข้ที่ใช้ยาละลายลิ่มเลือดไม่ได้ ต้องไปเจาะเลือดก่อน แล้วก้อต้องมารอตรวจกับหมออยุรกรรมโรคหัวใจเหมือนเดิม จบ แล้วจะให้ไปตรวจกับหมอทำซากอะไร เสียเวลาจิ้งๆๆ,1
บริการแย่!! พยาบาลไม่ใส่ใจเรื่องใบรับรองแพทย์ เสียเวลามานั่งรอใบรับรองแพทย์แค่ใบเดียวครึ่งวัน มันใช่ความผิดเราหรอ?,3
กูอยากให้0บอกเลยห่วยทำงานช้ารอเป็นชมตรวจไม่เกิน5นาที แถมกุเคยเจอนะหมอตรวจไปเล่นเกมไปสัสมิน่าโครตช้ายาก็ยาราคาถูกเเค่พารามึงยังห่วยเลยพยาบาลทำงานเหมือนคนใกล้ตายสรุปว่าห่วยและเหี้ยยยยยย,1
ชอบค่ะ ประทับใจหลายๆอย่าง ตัวเราเองเป็นคนไข้ ก็ต้องพูดจาดีดีค่ะ พยาบาลเขาก็เหนื่อย คนไข้วันนึงเป็นร้อยๆๆ เขาก็คงอยากได้ยินคำพูดดีดีจากคนไข้ ใจเขาใจเราโนะ… สรุป โดยรวม ชอบจ้าา,5
รอนานเหี้ยๆ รอหมอมาบ่าย จะบ่าย2บอกตามหมออยู่,1
เป็น รพ ที่บริการได้เหี้ยมาก หมดนัด10 โมง ไปรอก่อนอีก นั่งรอจนบ่ายสองครึ่ง ยังไม่ได้ตรวจ ถ้าเจ็บป่วยจะเป็นจะตาย คงตายไปละ ใครจะรับผิดชอบ ถ้า รพ จะทำเหี้ยขนาดนี้ ให้บริการกับคนที่ไม่ใช้สิทธิ์ประกันสังคม โดยไม่สนใจคนที่มารอ ที่นั่งยุเนี่ยก็จ่ายตังเมิงนะ เดือนละ 750 บาท คือเข้าใจป่ะ จ่ายทุกเดือน จ่าบมาสี่ห้าปีแล้ว ถ้าไม่มีจรรยาบรรณ ขนาดนี้ เลิกเถอะค่ะ เลิกหลอกเอาเงินประกันสังคมเถอะค่ะ อีกเคสหนึ่ง แฟนเป็นไข้เข้า รพ ตัวร้อนมาก เปิดพัดลมใส่ แม่เจ้าาาา กุไม่ได้เรียนหมอ กุยังรู้วิธีการลดไข้ ต่อไปอย่าหวัง จะได้เงินประกันสังคมอีก!!!! พอกันที ลาตาย,1
แย่มากพยาบาลปากสุนัข กริยาต่ำรวมไปถึงแม่บ้าน ดีนะยังไม่เจอหมอ555,1
ห่วยมาก นี้เสียตังค์มาเข้ารับการรักษานะไม่ได้มาขอรักษาฟรี กรุณาดูแลคนด้วย ยิ่งแผนกฉุกเฉินนี้ไม่สนห่าไรเลย ขอเจลเย็นหรือผ้าเย็น บอกแปปนึ่ง และก็ลืม ห่วย นี้หรอเอกชน ถ้ามันไม่ไกลบ้านไม่มาหรอก ...!!! ห่วยแตก,1
นี่หมอเหรอที่ตรวจกู กูนึกว่าจ้างมาถามเฉยซะอีก หน้าตาดี แต่คำพูดส้นตีนกว่าหน้าค่ะ เจ้าหน้า VS แผนกประกันสังคมก็เช่นกัน กูไม่ได้มาขอรักษาฟรีนะ พูดจาอย่างกะจะแดกหัวกู ต้องขึ้นเสียงกลับไปถึงจะเงียบ บอกเลยว่าความรู้สึกกูแย่มากกับโรงบาลนี้ กูไม่ป่วยกูก็ไม่มาโรงพยาบาลหรอก คิดจะทำงานบริการ ต้องเปิดใจกว้าง เจอคนร้อยพ่อพันแม่ ลองเป็นผู้ใช้บริการแล้วแล้วเจอพนักงานทำหน้าเหี้ยแบบนี้ใส่บ้าง จะเป็นยังไง,1
เข้ารับการรักษาเนื่องจากติดเชื้อในลำไส้ มีอาการปวดท้องอย่างรุนแรง แต่ได้รับการรักษาค่อนค้างช้า ต้องนั่งรอนาน เนื่องจากไม่มีเตียงว่าง น้ำเกลือหมดเรียกพยาบาลมาช้าจนเลือดไหลย้อนเข้าสายน้ำเกลือ ส่วนห้องและอาหาร ดีพอใช้ การบริการของบุคลากรอยู่ในระดับดี,3
พนักงานเคาร์เตอร์ ขยันมากกกกกก เล่น FB เล่นLine ทุกคน,1
เป็นโรงพยาบาลที่มีความล่าช้าที่สุดเท่าที่เคยรักษามาเลยห่วยแตกที่สุดบริการก็ล่าช้า ว่าเต่าช้าแล้วนะที่นี้แม่งโคตรช้ากว่าเต่าอีกไม่น่าหลวมตัวมาให้ประกันที่นี้เลย,1
แย่มากเลือดออกปากเยอะมากเราก้อคิดว่าหมอจะให้ยามากิน แต่กลับให้แค่น้ำเกลือ และบอกว่าเปงแค่โรงกระเพาะ โรคกระเพาะมีเลือดออกปากเยอะขนาดนี้ยังจะบอกว่าเปงโรคกระเพาะยุรึเปล่าค่ะแร้วคุนจะให้ชั้นนอนโรงพยาบาลทำไม!,1
ผมใช้ประกันสังคม ก้อดีนะคับไม่มีอะไร อยากใด้ยาเลิก บุหรี่คับ,5
รอคิวยาอย่างนานอ่ะรอมาชั่วได้และห่วยๆๆๆมากๆๆๆๆๆๆๆๆที่นี้,1
เป็นโรงพยาบาลที่บริการได้เหี้ยมาก (ขอใช้คำนี้ละกัน) ล่าช้า หมอบ้างคนพูดจาได้แย่มาก พยาบาลก็บริการแย่มาก มาเช้า เสร็จเย็น มาฉุกเฉินกลางคืนหมอไม่มี ประกันสังคมรัฐก็จ่ายให้ แค่ทางคุณสำรองจ่ายไปก่อน แต่บริการได้ห่วยมาก ทั้งวันมีหมอคนเดียว พอมีเคสหมอก็ขึ้นไปตรวจส่วนที่ไม่ใช่ประกันสังคมก่อน รพ. แบ่งไม่เป็นสัดส่วน ปล่อยให้คนไข้รอทั้งวัน ถ้าเป็นแบบนี้อย่างมีประกันสังคมเลยดีกว่าครับ ไม่ไปขอรักษาฟรีสะหน่อย ช่วยพิจารณาด้วย,1
ภาพรวมก็พอใช้ได้ ถ้าไม่คิดอะไรมาก ไม่ได้ป่วยร้ายแรงก็มารักษา เคาน์เตอร์ประชาสัมพันธ์รับมานั่งสวยๆเหรอ บริการไม่ได้เรื่อง ไร้สมองสุดๆ ไม่ได้มีจิตบริการเลย,2
มา รพ.บอกไม่มีไข้ แต่พอไปคลีนิค หมอบอกไข้40 ตายๆๆๆๆๆๆๆ,1
รอบริการนานมาก 2ชม. กว่ายังไม่ได้ตรวจเลย,1
ขอขอบคุณพยาบาลและผู้ช่วยที่ดูแลผู้ป่วยชั้น9ขอเป็นกำลังใจให้นะครับ,4
เป็นซีลที่รังไข่ข้างซ้าย พร้อมตั้งครรภ์ด้วยอายุครรภ์ 1 เดือน ซีลโตและบวมมาก ปวดท้องเดินไม่ไหว จึงไปโรงพยาบาลคุณหมอทำการผ่าตัดซีล แต่คุณหมอก็บอกให้ทำใจ เพราะอาจแท้งลูกได้ แต่ถ้าไม่ผ่าตัด ก็อาจเป็นอันตราย ทั้งลูก และตัวเอง จึงต้องเลือก ทำการผ่าตัด และปฎิหารก็มีจริง หลังจากผ่าตัด คุณหมอได้อัลตาซาว์ดูหัวใจลูก ยังเต้นปกติ และแข็งแรงอยู่ แต่ก็ให้นอนพักอีก 7 คืน กันแท้งค่ะ,5
ประสบการณ์จากการให้บริการ ซึ่งเกิดจากความไม่มีความเข้าใจในความต้องกสรของลูกค้า รวมถึงการดำเนินการล่าช้าในการเดินเอกสารภายใน และการสื่อสารที่เข้าใจผิดพลาด ทำให้ลูกค้าเสียเวลา,2
การรักษาในส่วนของคนไข้ ประกันสังคม ถือว่าอยุ่ในระดับดี แพทย์ให้การรักษาโรค แน่ะนำวิธีดูแลตัวเองหลังจากได้รับการรักษาดีมาก ในส่วนของประกันสังคมแต่ในแต่ละวันคนไข้ที่เข้ามารับการรักษามีจำนวนมาก ซึ่งทำให้ต้องรอคิวกันนานมาก แพทย์ทีีทำการตรวจรักษามี2-3ห้อง ซึ่งไม่น่าจะพอ ควรปรับปรุงตรงนี้จะดีมาก ที่นั่งรอไม่เพียงพอ ทำให้การมาหาหมอเป็นเรื่องที่น่าเบื่อ,4
คนไข้เยอะ จัดสรรคิวคนไข้ไม่ดี พยาบาลบริการพอใช้,3
เราว่า okที่สุด แล้ว เท่าที่ใช้ ปกส. มา 20กว่าปี หมอดี เก่ง เยอะ ไม่แยก เอาหมอ เกรท ดีๆ มาดูแล คนป่วย ชื่นชม ผู้บริหาร ที่มีนำ้ใจ ขอให้ท่านเจริญๆ มีความสุขกาย สบายใจ ตลอดไปคะ,1
บริการประกันสังคมบริการห่วยมาก ถ้าไม่เชื่อ เชิญพิสูจน์ด้วยตัวเอง ลูบๆคลำๆ หมอก้อบอกว่าไม่เป็นไไม่เป็นไร จ่ายยา ทำไม ตอบ,1
บริการแย่มากค่ะ เจ้าหน้าที่ตะคอกคนไข้ ชักสีหน้า ขนาดเสียเงินเองมารักษายังทำทุเรศขนาดนี้เรย แย่จิงๆ แจ้งเรื่องให้ทางรพทราบแร้ว ยังไม่มีใครตอบกลับ เรื่องเงียบ คงพวกพ้องเดียวกัน !!,1
การบริการเยี่ยมยอด ทีมแพทย์เฉพาะทางและบริการ 24 ชั่วโมง...,5
"อาทิตย์ที่แล้ว ปวดท้องมากไปหาหมอ วันแรกหมอบอกอาจจะเป็นที่กล้ามเนื้อช่องท้องอักเสบ หมอฉีดยา หมอให้ยา ไอบูโพเฟน ยาแก้อักเสบ กลับบ้าน วันต่อมาคิดว่าไม่หายและปวดมากขึ้นกลับไปหาหมออีกครั้ง หมอให้ทำซีทีสแกน หมอบอกว่าเห็นลำไส้คล้ายเป็นติ่งน่าจะเป็นไส้ติ่ง แต่ผมตัดไส้ติ่งไปแล้วนะหมอ หมอให้ผ่าตัดครับว่าเป็นไส้ติ่งแน่ๆ ปรากฎว่าผ่าแล้วไม่เจอ และหมอบอกว่าเป็นลำไส้อักเสบ แค่กินยาก็หายเปล่า แล้วผ่าตัดคือ... ผมต้องหยุดงานอาทิตย์นึง ปรากฏว่าผ่าแล้วก็ไม่ได้ทำอะไร แค่ให้กินยาแก้อักเสบก็หายแล้ว ทั้งหมอตรวจและหมอศัลยกรรมบอกว่าเป็นไส้ติ่ง อืม..วินิจฉัยโรคไม่ตรงทำให้ผมต้อง ""เจ็บตัว และ หยุดงาน"" ถึงผมจะไม่ต้องเสียค่าใช้จ่าย รพ.ก็ยังกินเงินประกันสังคมกับ BUPA ผมอยู่ดี ใครเจอเคสแบบนี้ก็ถ้าเป็นไปได้ ผมไม่แนะนำ รพ นี้นะครับ",1
ห่วยมากๆๆๆผมไม่สบายนะ ผมรู้ตัวผมนี้ พอมาตรวจไม่ถึง2นาที บอกว่าก็ไม่เห็นเป็นไรนี้ พูดมาได้ไง ทั้งที่เราไอจนเจ็บคอไปหมดแล้ว น้ำมูกก็ไหล บอกไม่เป็นไร แต่พอหันไปดูข้างๆจอคอมหมอผมถึงเข้าใจว่าเพราะอะไร คือผมมาขัดจังหวะหมอเล่นเกมเหรอคับ ตอบผมที่ซิคุณหมอ วั.,1
บริการดี แต่รอนานมากๆค่ะ ไม่ว่าจะทีผู้ป่วยมากหรือน้อย ก็รอหมอตรวจนานเหมือนเดิม,4
นางพยาบาลกับหมอนี่ไม่สนใจคนไข้เลย ไม่มีจรรยาบรรณ คือรพ.รับคนแบบนี้มาทำงานได้ไง นอนอยู่2คืนละพยายามรักษาสักที ต้องให้เป็นข่าวถึงจะดูแลหรือเปล่า?,1
ใช้ประกันสังคมมา6ปี เมื่อเเรกๆสัก3-4เจอพยาบาลดีทุกคนยิ้มเเย้ม บริการดี. ตั้งเเต่ประชาสัมพันธ์เคาเตอร์รับบัตรครั้งเเรก จนถึงวัดความดัน เเละรับยัตรนัดในขี้นสุดท้าย จนทมียกมือไหว้ เมื่อยื่นบัตรนัดให้เรียบร้อยเเล้ว ยังนึกชมในใจว่า รพ นี้อบรมจนทได้ดีมากๆ เเต่ระยะหลัง1-2ปีเปลี่ยนไป จนทคนเดิมๆไม่ทราบย้ายหรือออก มีจนทใหม่มา บริการไม่ดีเหมือนเคย พูดจาห้วนขึ้น เเต่ก็พอทน ภาพเก่าๆที่ประทับใจ จนบอกต่อเพื่อนหลายคนให้เปลี่ยนมาใช้รพนี้ ค่อยๆเลือนหาย. ขออย่าใจเจอเเบบที่คุณๆเม้นมาเลย.....รับรองจัดเต็มเเน่ค่ะ,5
ปรับปรุงก็ดีครับ ความละเอียด การบริการ คุณภาพ เวลา ใส่ใจด้วยครับ,1
เป็นโรงพยาบาลที่หมอให้การรักษาด้วยความใส่ใจมากและ ราคาการให้การรักษาอยู่ในระดับสมเหตุสมผลไม่จ่ายแพงโดยไม่จำเป็นเลย ผมเข้ารักษาเนื่องจากเป็นโรคกรดไหลย้อน โดยปกติเคยรักษามาหลายโรงพยาบาล จ่ายยาให้กินเป็นโดยไม่ดูแลอาการต่อเนื่อง แต่ที่นี้มีการติดตามอาการอย่างต่อเนื่อง และให้คำปรึกษาและวิธีการดูแลตัวเอง,5
โดยส่วนตัวเป็นคนไข้ของที่นี่มา15ปี(ตั้งแต่เป็นครอบครัววิภาวดีอิเคดะ)ไม่เคยคิดเปลี่ยนโรงพยาบาล คุณหมอดูแลเอาใจใส่ตลอด เจ้าหน้าที่ตามจุดบริการก็ดีห้องกายภาพก็ดี หอผู้ป่วยก็ดี ห้องผ่าตัดก็ดีพูดจาให้เราคลายกังวลไม่กลัว อยากขอบคุณคุณหมอและผู้เกี่ยวข้องทุกท่าน ขอบคุณคะ,5
บริการแย่มาก ผมมาถึงโรงพยาบาล11โมง ได้เข้าห้องตรวจ13:30 คือนานไปนะโรงบาลออกจะใหญ่โต พอเข้าห้องตรวจไม่ถึง3นาที บอกปวดหัวมาก พูดแค่ว่าค่ะๆ เดี๋ยวกินยา15นาทีก็หาย พอเดินไปที่จ่ายยาก็ไม่บอกว่าต้องเดินไปทางไหนป้ายก็ไม่ชัดเจน ขอบอกเลยว่าระบบป่วยมากๆ ควรพัฒนาระบบการให้บริการให้มากกว่านี้ คนป่วยก็ไม่ใช่จะเยอะ แต่ทำไรช้าทุกอย่าง ถ้าป่วยมากๆก็คงตายไปละ,1
โรงพยาบาลนี้ เป็นโรงพยาบาลที่สามารถใช้บัตรประกันสังคม กับประกันสุขภาพกลุ่มของบริษัทร่วมกันได้ มีบริการที่ดีรวดเร็ว พยาบาลบริการดี มีการติดตามให้ตลอดไม่ให้เรารอนาน แต่หากใช้สิทธิ์ประกันสังคมจะบริการแย่มาก ถึงมากที่สุด พยาบาลจะค่อนข้างหยาบคาย ไม่เป็นมิตร แต่คุณหมอให้บริการปกติดูแลดี ทั้งสองรูปแบบ ยกตัวอย่างเช่น เคยโทรไปขอเลื่อนวันนัดคุณหมอเนื่องจากเราไม่ว่างแต่พนักงานโอนสายไปผิด ไปติดส่วนประกันสังคม พยาบาลถามว่า จะเลื่อนทำไม เลือ่นได้ครั้งเดียวนะ เข้าใจมั๊ย (ใช้เสียงกระแทกใส่) ทำให้รู้สึกไม่โอเคอย่างแรง ส่วนข้อติอีกเรื่องคือ โรงพบาบาลนี้ ตรวจรักษาโรคไม่ค่อยละเอียดเท่าที่ควรมีเพื่อนเป็นนิ่วในถุงน้ำดี ไปหาหมอที่นี่หลายครั้ง หมอบอกว่าปวดท้องธรรมดาให้ยามาทาน จนสุดท้ายไปโรงพยาบาลอื่น เค้าให้พาตัดทันที แถมหมอบอกว่า ถ้าเจอเร็วกว่านี้ก็ไม่ต้องผ่าหรอก! (ณ ปัจจุบันกำลังทำเรื่องร้องเรียนโรงพยาบาลอยู่เพราะต้องเสียค่าผ่าตัดไปแสนกว่าบาท) ทำให้เราก็รู้สึกกลัวเล็กน้อย แต่โดยรวมถ้าคุณมีประกันสุขภาพ หรือ ชำระค่าบริการปกติ โรงพยาบาลนี้ก็มีให้บริการครอบคลุมใช้ได้ พนักงานบริการดี,4
แฟนแขนหักพามาหาหมอคดีนิติเวชเรื่องที่โดนรถชน นั่งรอมา2ชม. มีคนไข้ถามพยาบาล2-3คนพยาบาลตอบแค่ว่าหมอมาแล้ว แต่ตรวจคนไข้อยู่อีกฝั่งหนึ่ง 2 เคส 2 ชม.กว่าเนี๊ยนะ ปกติก๊ไม่ได้ตรวจอะไรละเอียดอยู่แล้วแค่คนไข้ 2 เคส มันนานไปมั้ย กับการที่ให้คนไข้เป็น10กว่าคนรออ่ะ หมอหิว คนไข้ก๊หิว หมอพักก๊ควรบอกคนไข้ คนไข้ก๊จะได้ไปทานอาหารเหมือนกัน ไม่ใช่ทิ้งคนไข้ไว้ เปลื่อยค่ะเปลื่อย ถ้ารักษาเองได้คง #ไม่ต้องพึ่งรพ.ค่ะ,1
ก็ถือว่ารักษาโอเค บริการดีระดับหนึ่ง พนักงานบางครั้งไม่ค่อยรู้เรื่อง น่าหงิกบางครั้ง แต่โดยรวมก็โอเค,3
ยาที่ทางโรงพยาบาลจัดให้ทานแล้วหายและการบริการดีมาก,5
รวมๆก็ใช้ได้ค่ะ ถ้าผู้ป่วยแต่งตัวดีก็บริการดีขึ้นมาหน่อยอ่ะค่ะ,3
โรงพยาบาลคนเยอะมากๆ ไม่ว่าจะวันธรรมดาหรือเสาร์อาทิตย์ ใช้เวลารอหมอตรวจอย่างต่ำ 40 นาที เคยไปใช้บริการประกันสังคม 2 ครั้ง คุณหมอดูแลดีมาก แต่รอจ่ายยานานมากค่ะ,2
บริการดีในทุกอย่างไม่ว่าจะเป็นคุณหมอ พยาบาลให้ความใส่ใจและดูแลอย่างดี รวมไปถึงรปภ.ที่เฝ้ารถก้อบริการเป็นอย่างดี,5
บริการดี,5
รอตรวจไม่นาน ยาที่รักษาของบัตรประกันสังคมก็ดีมากค่ะ,5
ไปตรวจครรภ์ เป็นคอร์สของ รพ. กับคุณหมอท่านหนึ่ง. คนเยอะมากๆสำหรับคุณหมอท่านนี้. ดูแล้วใส่ใจคนไข้ดีแต่ด้วยระยะเวลากับจำนวนผู้ป่วยที่เยอะ. จนบางครั้งคุณหมอต้องพูดไวตรวจไว. ซึ่งบางทีเราก็ฟังและเข้าใจไม่ทัน เพราะเราท้องแรกจะเข้าใจยากและเข้าใจยากนิดหน่อย. แต่ก็เข้าใจคุณหมอ. บางทีนัดว่าจะตรวจอย่างอื่นถึงเวลาก็ไม่ได้ตรวจด้วยก็มี แต่ก็รู้สึกดีกว่า. รพ อีกที่ๆใช้ประกันสังคม. ที่นั่นทำสุขภาพจิตแย่กับการพูดจาของคุณหมอและการบริการค่ะ,3
ศูนย์ครวจสุขภาพของ รพ.วิภาราม (check up) ค่อนข้างบริการดี สะดวกสบาย และบรรยากาศดีกว่าจุดบริการอื่นของ รพ.,4
บริการดี ให้ข้อมูลละเอียด แนะนำขั้นตอนได้ดี,5
"คือ ปกติจะมาหาหมอ ประจำเกี่ยวกับไขมันในเส้นเลือด ชื่อ คุณหมอ ภัทรพงษ
หมอ บอกให้ กินยา ตรงเวลานะ แต่เนื่องด้วยเราเป็นคนขี้ลืม พอมาตรวจครั้งที่สอง หมอ มองหน้าแล้วลอกไขมันไม่ลดเลย หมอบอกกินนะ แพรสัอาจจะช๊อกได้ แล้วบอกเรื่องการกินอาหาร
แนะนำดีมาก ขอบคุณคับ",5